url,status,bucket,region,key,details
https://miu-documentos.s3.us-west-2.amazonaws.com/DATA-DOCS/miu-hml/documentos/144630/26910098/miuDocumento_997258_Mary_Buffett_David_Clark_Warren_Buffett_and_the.zip,EXISTS,miu-documentos,us-west-2,DATA-DOCS/miu-hml/documentos/144630/26910098/miuDocumento_997258_Mary_Buffett_David_Clark_Warren_Buffett_and_the.zip,"size=7925603 last_modified=2026-01-03 03:42:44+00:00 etag=""f89256627f71b2015f6518513fdda3cb"""
https://miu-documentos.s3.us-west-2.amazonaws.com/DATA-DOCS/miu-hml/documentos/143320/22810023/miuDocumento_996308_00Guiaparatenerexitoenelcurso.pdf,DELETE_MARKED,miu-documentos,us-west-2,DATA-DOCS/miu-hml/documentos/143320/22810023/miuDocumento_996308_00Guiaparatenerexitoenelcurso.pdf,latest_delete_marker=2025-12-21 17:44:28+00:00
https://miu-documentos.s3.us-west-2.amazonaws.com/DATA-DOCS/miu-hml/documentos/142918/12890465/miuDocumento_997274_ES.1.docx,EXISTS,miu-documentos,us-west-2,DATA-DOCS/miu-hml/documentos/142918/12890465/miuDocumento_997274_ES.1.docx,"size=17918 last_modified=2026-01-03 20:49:57+00:00 etag=""f6ec403b1b1c9f9c03fd9ed4e6bae7d7"""
https://miu-documentos.s3.us-west-2.amazonaws.com/DATA-DOCS/miu-hml/documentos/144708/20180351/miuDocumento_996395_5.US-NSC-68.pdf,EXISTS,miu-documentos,us-west-2,DATA-DOCS/miu-hml/documentos/144708/20180351/miuDocumento_996395_5.US-NSC-68.pdf,"size=3168771 last_modified=2025-12-25 01:43:06+00:00 etag=""ad9237417d058598af3606e335ee6350"""
https://miu-documentos.s3.us-west-2.amazonaws.com/DATA-DOCS/miu-hml/documentos/144844/20110699/miuDocumento_996151_Class3_TheBarakat-20251218T033845Z-3-001.zip,EXISTS,miu-documentos,us-west-2,DATA-DOCS/miu-hml/documentos/144844/20110699/miuDocumento_996151_Class3_TheBarakat-20251218T033845Z-3-001.zip,"size=1107378 last_modified=2025-12-19 02:18:43+00:00 etag=""8c79c2ea6626212d6b6714d0dc9c9a6a"""
https://miu-documentos.s3.us-west-2.amazonaws.com/DATA-DOCS/miu-hml/documentos/143720/23820040/miuDocumento_996952_enzimas.9aed.2018.JeffHardinGregoryBertoni-Becker_sWorldoftheCell-Pearson2018.pdf,DELETE_MARKED,miu-documentos,us-west-2,DATA-DOCS/miu-hml/documentos/143720/23820040/miuDocumento_996952_enzimas.9aed.2018.JeffHardinGregoryBertoni-Becker_sWorldoftheCell-Pearson2018.pdf,latest_delete_marker=2025-12-30 21:50:21+00:00
https://miu-documentos.s3.us-west-2.amazonaws.com/DATA-DOCS/miu-hml/documentos/143679/20100147/miuDocumento_996266_POI2026-GRUPO1.pdf,EXISTS,miu-documentos,us-west-2,DATA-DOCS/miu-hml/documentos/143679/20100147/miuDocumento_996266_POI2026-GRUPO1.pdf,"size=393961 last_modified=2025-12-20 00:53:10+00:00 etag=""a9498dd82ee7042ec48263c0d0d5ff63"""
https://miu-documentos.s3.us-west-2.amazonaws.com/DATA-DOCS/miu-hml/documentos/143311/20160205/miuDocumento_997205_ProgramadeEconometraII.pdf,EXISTS,miu-documentos,us-west-2,DATA-DOCS/miu-hml/documentos/143311/20160205/miuDocumento_997205_ProgramadeEconometraII.pdf,"size=140518 last_modified=2026-01-02 15:24:01+00:00 etag=""3716de3264c7f24f63b812780b8becb7"""
https://miu-documentos.s3.us-west-2.amazonaws.com/DATA-DOCS/miu-hml/documentos/144895/20190671/miuDocumento_996125_Apuntes_y_ejercicios_CLCULO_II.pdf,EXISTS,miu-documentos,us-west-2,DATA-DOCS/miu-hml/documentos/144895/20190671/miuDocumento_996125_Apuntes_y_ejercicios_CLCULO_II.pdf,"size=1567760 last_modified=2025-12-17 20:16:17+00:00 etag=""945c7db880a5dba770c81337b556305b"""
https://miu-documentos.s3.us-west-2.amazonaws.com/DATA-DOCS/miu-hml/documentos/143342/16860249/miuDocumento_996127_actadeindependenciaGuatemala.pdf,DELETE_MARKED,miu-documentos,us-west-2,DATA-DOCS/miu-hml/documentos/143342/16860249/miuDocumento_996127_actadeindependenciaGuatemala.pdf,latest_delete_marker=2025-12-17 18:07:28+00:00
https://miu-documentos.s3.us-west-2.amazonaws.com/DATA-DOCS/miu-hml/documentos/143342/16860249/miuDocumento_996128__Acta_de_independencia_de_los_estados_unidos.pdf,DELETE_MARKED,miu-documentos,us-west-2,DATA-DOCS/miu-hml/documentos/143342/16860249/miuDocumento_996128__Acta_de_independencia_de_los_estados_unidos.pdf,latest_delete_marker=2025-12-17 18:21:34+00:00
https://miu-documentos.s3.us-west-2.amazonaws.com/DATA-DOCS/miu-hml/documentos/144354/20190671/miuDocumento_996131_Apuntes_y_ejercicios_ESTADSTICAI.pdf,EXISTS,miu-documentos,us-west-2,DATA-DOCS/miu-hml/documentos/144354/20190671/miuDocumento_996131_Apuntes_y_ejercicios_ESTADSTICAI.pdf,"size=1540320 last_modified=2025-12-17 20:20:57+00:00 etag=""366dca1baa766b0cf01a843ec9b9ec26"""
https://miu-documentos.s3.us-west-2.amazonaws.com/DATA-DOCS/miu-hml/documentos/143720/23820040/miuDocumento_997030_polimerasasytranscripcio_nI.promotores.9aed.2018.JeffHardinGregoryBertoni-Becker_sWorldoftheCell-Pearson2018.pdf,DELETE_MARKED,miu-documentos,us-west-2,DATA-DOCS/miu-hml/documentos/143720/23820040/miuDocumento_997030_polimerasasytranscripcio_nI.promotores.9aed.2018.JeffHardinGregoryBertoni-Becker_sWorldoftheCell-Pearson2018.pdf,latest_delete_marker=2026-01-01 18:28:37+00:00
https://miu-documentos.s3.us-west-2.amazonaws.com/DATA-DOCS/miu-hml/documentos/143722/23820040/miuDocumento_997030_polimerasasytranscripcio_nI.promotores.9aed.2018.JeffHardinGregoryBertoni-Becker_sWorldoftheCell-Pearson2018.pdf,DELETE_MARKED,miu-documentos,us-west-2,DATA-DOCS/miu-hml/documentos/143722/23820040/miuDocumento_997030_polimerasasytranscripcio_nI.promotores.9aed.2018.JeffHardinGregoryBertoni-Becker_sWorldoftheCell-Pearson2018.pdf,latest_delete_marker=2026-01-01 18:29:10+00:00
https://miu-documentos.s3.us-west-2.amazonaws.com/DATA-DOCS/miu-hml/documentos/143721/23820040/miuDocumento_997030_polimerasasytranscripcio_nI.promotores.9aed.2018.JeffHardinGregoryBertoni-Becker_sWorldoftheCell-Pearson2018.pdf,DELETE_MARKED,miu-documentos,us-west-2,DATA-DOCS/miu-hml/documentos/143721/23820040/miuDocumento_997030_polimerasasytranscripcio_nI.promotores.9aed.2018.JeffHardinGregoryBertoni-Becker_sWorldoftheCell-Pearson2018.pdf,latest_delete_marker=2026-01-01 18:28:54+00:00
https://miu-documentos.s3.us-west-2.amazonaws.com/DATA-DOCS/miu-hml/documentos/143720/23820040/miuDocumento_997018_duplica.AD.JeffHardinGregoryBertoni-Becker_sWorldoftheCell-Pearson2018.pdf,DELETE_MARKED,miu-documentos,us-west-2,DATA-DOCS/miu-hml/documentos/143720/23820040/miuDocumento_997018_duplica.AD.JeffHardinGregoryBertoni-Becker_sWorldoftheCell-Pearson2018.pdf,latest_delete_marker=2026-01-01 17:57:22+00:00
https://miu-documentos.s3.us-west-2.amazonaws.com/DATA-DOCS/miu-hml/documentos/143722/23820040/miuDocumento_997018_duplica.AD.JeffHardinGregoryBertoni-Becker_sWorldoftheCell-Pearson2018.pdf,DELETE_MARKED,miu-documentos,us-west-2,DATA-DOCS/miu-hml/documentos/143722/23820040/miuDocumento_997018_duplica.AD.JeffHardinGregoryBertoni-Becker_sWorldoftheCell-Pearson2018.pdf,latest_delete_marker=2026-01-01 17:59:04+00:00
https://miu-documentos.s3.us-west-2.amazonaws.com/DATA-DOCS/miu-hml/documentos/143721/23820040/miuDocumento_997018_duplica.AD.JeffHardinGregoryBertoni-Becker_sWorldoftheCell-Pearson2018.pdf,DELETE_MARKED,miu-documentos,us-west-2,DATA-DOCS/miu-hml/documentos/143721/23820040/miuDocumento_997018_duplica.AD.JeffHardinGregoryBertoni-Becker_sWorldoftheCell-Pearson2018.pdf,latest_delete_marker=2026-01-01 17:58:18+00:00
https://miu-documentos.s3.us-west-2.amazonaws.com/DATA-DOCS/miu-hml/documentos/143830/20100147/miuDocumento_996772_EV.SEMANALTURNOSEXT.pdf,EXISTS,miu-documentos,us-west-2,DATA-DOCS/miu-hml/documentos/143830/20100147/miuDocumento_996772_EV.SEMANALTURNOSEXT.pdf,"size=199505 last_modified=2025-12-28 16:37:37+00:00 etag=""926f76d04f4ce1c874509edbac6c5df8"""
https://miu-documentos.s3.us-west-2.amazonaws.com/DATA-DOCS/miu-hml/documentos/143476/20180479/miuDocumento_997230_InstruccionesproyectofinalCom.yEE202601.pdf,EXISTS,miu-documentos,us-west-2,DATA-DOCS/miu-hml/documentos/143476/20180479/miuDocumento_997230_InstruccionesproyectofinalCom.yEE202601.pdf,"size=91056 last_modified=2026-01-02 18:56:06+00:00 etag=""599d189b77d5a4e21a66b03a76001c24"""
https://miu-documentos.s3.us-west-2.amazonaws.com/DATA-DOCS/miu-hml/documentos/144544/20050380/miuDocumento_997196_1_PolticasPblicas_KAS.pdf,EXISTS,miu-documentos,us-west-2,DATA-DOCS/miu-hml/documentos/144544/20050380/miuDocumento_997196_1_PolticasPblicas_KAS.pdf,"size=12596375 last_modified=2026-01-02 14:44:48+00:00 etag=""90117a1224a4a42a7173863f08d4c22c"""
https://miu-documentos.s3.us-west-2.amazonaws.com/DATA-DOCS/miu-hml/documentos/142918/12890465/miuDocumento_997275_2.SamuelSolonpp.16-43.pdf,EXISTS,miu-documentos,us-west-2,DATA-DOCS/miu-hml/documentos/142918/12890465/miuDocumento_997275_2.SamuelSolonpp.16-43.pdf,"size=3077872 last_modified=2026-01-03 20:57:42+00:00 etag=""8b54094b175bf12c694444ea67f0e557"""
https://miu-documentos.s3.us-west-2.amazonaws.com/DATA-DOCS/miu-hml/documentos/142917/12890465/miuDocumento_997273_ES.1.docx,EXISTS,miu-documentos,us-west-2,DATA-DOCS/miu-hml/documentos/142917/12890465/miuDocumento_997273_ES.1.docx,"size=17918 last_modified=2026-01-03 20:48:28+00:00 etag=""f6ec403b1b1c9f9c03fd9ed4e6bae7d7"""
https://miu-documentos.s3.us-west-2.amazonaws.com/DATA-DOCS/miu-hml/documentos/143720/23820040/miuDocumento_996730_leer5RESUMENElProyectodelGenomaHumano.docx,DELETE_MARKED,miu-documentos,us-west-2,DATA-DOCS/miu-hml/documentos/143720/23820040/miuDocumento_996730_leer5RESUMENElProyectodelGenomaHumano.docx,latest_delete_marker=2025-12-28 02:19:34+00:00
"https://miu-documentos.s3.us-west-2.amazonaws.com/DATA-DOCS/miu-hml/documentos/143720/23820040/miuDocumento_960407_INTROALASBIOMOLECULASJeffHardin,GregoryBertoni-BeckersWorldoftheCell-Pearson(2018).pdf",DELETE_MARKED,miu-documentos,us-west-2,"DATA-DOCS/miu-hml/documentos/143720/23820040/miuDocumento_960407_INTROALASBIOMOLECULASJeffHardin,GregoryBertoni-BeckersWorldoftheCell-Pearson(2018).pdf",latest_delete_marker=2025-12-28 02:19:48+00:00
https://miu-documentos.s3.us-west-2.amazonaws.com/DATA-DOCS/miu-hml/documentos/143342/16860249/miuDocumento_996129_captulo1ElliberalismoenGuatemalaCastellanos.pdf,DELETE_MARKED,miu-documentos,us-west-2,DATA-DOCS/miu-hml/documentos/143342/16860249/miuDocumento_996129_captulo1ElliberalismoenGuatemalaCastellanos.pdf,latest_delete_marker=2025-12-17 18:12:39+00:00
https://miu-documentos.s3.us-west-2.amazonaws.com/DATA-DOCS/miu-hml/documentos/143342/16860249/miuDocumento_996130_Evolucindelasideassurgimientodelliberalismo.pptx,DELETE_MARKED,miu-documentos,us-west-2,DATA-DOCS/miu-hml/documentos/143342/16860249/miuDocumento_996130_Evolucindelasideassurgimientodelliberalismo.pptx,latest_delete_marker=2026-01-01 23:48:54+00:00
https://miu-documentos.s3.us-west-2.amazonaws.com/DATA-DOCS/miu-hml/documentos/143720/23820040/miuDocumento_996955_difusio_nsimpleyTP.9aed.JeffHardinGregoryBertoni-Becker_sWorldoftheCell-Pearson2018.pdf,DELETE_MARKED,miu-documentos,us-west-2,DATA-DOCS/miu-hml/documentos/143720/23820040/miuDocumento_996955_difusio_nsimpleyTP.9aed.JeffHardinGregoryBertoni-Becker_sWorldoftheCell-Pearson2018.pdf,latest_delete_marker=2025-12-30 21:59:02+00:00
https://miu-documentos.s3.us-west-2.amazonaws.com/DATA-DOCS/miu-hml/documentos/144844/20110699/miuDocumento_996149_Class1_EastwindTradingCompanyA-20251218T033843Z-3-001.zip,EXISTS,miu-documentos,us-west-2,DATA-DOCS/miu-hml/documentos/144844/20110699/miuDocumento_996149_Class1_EastwindTradingCompanyA-20251218T033843Z-3-001.zip,"size=3204376 last_modified=2025-12-19 02:09:15+00:00 etag=""f0d5ce41a94b9a8087c4375ec21b76f2"""
https://miu-documentos.s3.us-west-2.amazonaws.com/DATA-DOCS/miu-hml/documentos/143320/22810023/miuDocumento_996311_02.2YoLapiz.pdf,EXISTS,miu-documentos,us-west-2,DATA-DOCS/miu-hml/documentos/143320/22810023/miuDocumento_996311_02.2YoLapiz.pdf,"size=13789765 last_modified=2025-12-21 17:26:54+00:00 etag=""15e0f4699057eea84c1e67c6e2767e8a"""
https://miu-documentos.s3.us-west-2.amazonaws.com/DATA-DOCS/miu-hml/documentos/144708/20180351/miuDocumento_996391_1.KennethN.WaltzTheoryofInternationalPoliticsAddison-Wesleyseriesinpoliticalscience1979.pdf,EXISTS,miu-documentos,us-west-2,DATA-DOCS/miu-hml/documentos/144708/20180351/miuDocumento_996391_1.KennethN.WaltzTheoryofInternationalPoliticsAddison-Wesleyseriesinpoliticalscience1979.pdf,"size=2911660 last_modified=2025-12-25 01:39:45+00:00 etag=""0959016ca984b6f07be92c3d7a0769c8"""
https://miu-documentos.s3.us-west-2.amazonaws.com/DATA-DOCS/miu-hml/documentos/144708/20180351/miuDocumento_996398_7.RodrikD.TheGlobalizationParadox.pdf,EXISTS,miu-documentos,us-west-2,DATA-DOCS/miu-hml/documentos/144708/20180351/miuDocumento_996398_7.RodrikD.TheGlobalizationParadox.pdf,"size=168783642 last_modified=2025-12-26 17:59:38+00:00 etag=""02596c576b2d46165dd112dba3a89e16-17"""
https://miu-documentos.s3.us-west-2.amazonaws.com/DATA-DOCS/miu-hml/documentos/143720/23820040/miuDocumento_996994_gluco_lisis.9aed.2018.JeffHardinGregoryBertoni-Becker_sWorldoftheCell-Pearson2018.pdf,DELETE_MARKED,miu-documentos,us-west-2,DATA-DOCS/miu-hml/documentos/143720/23820040/miuDocumento_996994_gluco_lisis.9aed.2018.JeffHardinGregoryBertoni-Becker_sWorldoftheCell-Pearson2018.pdf,latest_delete_marker=2026-01-01 17:43:59+00:00
https://miu-documentos.s3.us-west-2.amazonaws.com/DATA-DOCS/miu-hml/documentos/143722/23820040/miuDocumento_996994_gluco_lisis.9aed.2018.JeffHardinGregoryBertoni-Becker_sWorldoftheCell-Pearson2018.pdf,DELETE_MARKED,miu-documentos,us-west-2,DATA-DOCS/miu-hml/documentos/143722/23820040/miuDocumento_996994_gluco_lisis.9aed.2018.JeffHardinGregoryBertoni-Becker_sWorldoftheCell-Pearson2018.pdf,latest_delete_marker=2026-01-01 17:49:27+00:00
https://miu-documentos.s3.us-west-2.amazonaws.com/DATA-DOCS/miu-hml/documentos/143721/23820040/miuDocumento_996994_gluco_lisis.9aed.2018.JeffHardinGregoryBertoni-Becker_sWorldoftheCell-Pearson2018.pdf,DELETE_MARKED,miu-documentos,us-west-2,DATA-DOCS/miu-hml/documentos/143721/23820040/miuDocumento_996994_gluco_lisis.9aed.2018.JeffHardinGregoryBertoni-Becker_sWorldoftheCell-Pearson2018.pdf,latest_delete_marker=2026-01-01 17:49:12+00:00
https://miu-documentos.s3.us-west-2.amazonaws.com/DATA-DOCS/miu-hml/documentos/143720/23820040/miuDocumento_997021_TRANSCRIPCION.MolecularBiologyoftheCell6thedition-Alberts-NEWcopy.pdf,DELETE_MARKED,miu-documentos,us-west-2,DATA-DOCS/miu-hml/documentos/143720/23820040/miuDocumento_997021_TRANSCRIPCION.MolecularBiologyoftheCell6thedition-Alberts-NEWcopy.pdf,latest_delete_marker=2026-01-01 18:18:00+00:00
https://miu-documentos.s3.us-west-2.amazonaws.com/DATA-DOCS/miu-hml/documentos/143722/23820040/miuDocumento_997021_TRANSCRIPCION.MolecularBiologyoftheCell6thedition-Alberts-NEWcopy.pdf,DELETE_MARKED,miu-documentos,us-west-2,DATA-DOCS/miu-hml/documentos/143722/23820040/miuDocumento_997021_TRANSCRIPCION.MolecularBiologyoftheCell6thedition-Alberts-NEWcopy.pdf,latest_delete_marker=2026-01-01 18:16:46+00:00
https://miu-documentos.s3.us-west-2.amazonaws.com/DATA-DOCS/miu-hml/documentos/143721/23820040/miuDocumento_997021_TRANSCRIPCION.MolecularBiologyoftheCell6thedition-Alberts-NEWcopy.pdf,DELETE_MARKED,miu-documentos,us-west-2,DATA-DOCS/miu-hml/documentos/143721/23820040/miuDocumento_997021_TRANSCRIPCION.MolecularBiologyoftheCell6thedition-Alberts-NEWcopy.pdf,latest_delete_marker=2026-01-01 18:17:12+00:00
https://miu-documentos.s3.us-west-2.amazonaws.com/DATA-DOCS/miu-hml/documentos/143721/23820040/miuDocumento_997066_RRNAYTRNAPROCESSINGJeffHardinGregoryBertoni-BeckersWorldoftheCell-Pearson2018.pdf,DELETE_MARKED,miu-documentos,us-west-2,DATA-DOCS/miu-hml/documentos/143721/23820040/miuDocumento_997066_RRNAYTRNAPROCESSINGJeffHardinGregoryBertoni-BeckersWorldoftheCell-Pearson2018.pdf,latest_delete_marker=2026-01-01 18:38:54+00:00
